pid,arrival_stop,destination_stop,arrival_time,departure_time,flag,pod_departure,from_stop,path,travel_time,waiting_time,destination_time,distance
1,H,F,64310,64588,1,64310,,HBDF,270,0,64580,3
2,F,H,61770,62048,1,61770,,FDBH,270,0,62040,3
3,G,H,66129,66407,1,66129,,GECH,270,0,66399,3
4,F,G,60468,60656,1,60468,,FJG,180,0,60648,2
5,F,E,82744,83022,1,82744,,FDIE,270,0,83014,3
6,E,A,39613,39838.278,1,39613,,ECA,217.278,0,39830.278,2.4142
7,J,B,29003,29281,1,29003,,JIHB,270,0,29273,3
8,J,B,78728,79006,1,78728,,JIHB,270,0,78998,3
9,I,A,62641,62919,1,62731,,IHA,180,90,62821,2
10,D,A,47924,48149.278,1,47924,,DBA,217.278,0,48141.278,2.4142
11,C,E,62824,62922,1,62824,,CE,90,0,62914,1
12,G,A,82629,82944.278,1,82629,,GECA,307.278,0,82936.278,3.4142
13,F,H,47167,47445,1,47167,,FDBH,270,0,47437,3
14,D,I,29176,29274,1,29176,,DI,90,0,29266,1
15,A,C,55055,55190.278,1,55055,,AC,127.27799999999999,0,55182.278,1.4142
16,D,C,29345,29623,1,29345,,DBHC,270,0,29615,3
17,J,I,65965,66063,1,65965,,JI,90,0,66055,1
18,B,E,37365,37643,1,37365,,BHCE,270,0,37635,3
19,H,G,42216,42494,1,42216,,HCEG,270,0,42486,3
20,E,J,48287,48475,1,48287,,EIJ,180,0,48467,2
21,H,I,78002,78190,1,78092,,HI,90,90,78092,1
22,I,D,34804,34902,1,34804,,ID,90,0,34894,1
23,G,A,48764,49079.278,1,48764,,GECA,307.278,0,49071.278,3.4142
24,J,A,24181,24459,1,24181,,JIHA,270,0,24451,3
25,A,H,45192,45290,1,45192,,AH,90,0,45282,1
26,I,F,73371,73649,1,73461,,IDF,180,90,73551,2
27,B,E,68313,68681,1,68403,,BHCE,270,90,68583,3
28,A,E,73624,73849.278,1,73624,,ACE,217.278,0,73841.278,2.4142
29,J,G,46170,46268,1,46170,,JG,90,0,46260,1
30,H,G,21961,22239,1,21961,,HCEG,270,0,22231,3
31,E,J,71896,72084,1,71896,,EIJ,180,0,72076,2
32,F,C,47117,47485,1,47117,,FDBHC,360,0,47477,4
33,I,F,58522,58710,1,58522,,IDF,180,0,58702,2
34,I,J,31455,31643,1,31545,,IJ,90,90,31545,1
35,I,G,38432,38710,1,38522,,IJG,180,90,38612,2
36,G,C,62255,62443,1,62255,,GEC,180,0,62435,2
37,I,C,23639,23827,1,23639,,IHC,180,0,23819,2
38,A,F,26615,26930.278,1,26615,,ABDF,307.278,0,26922.278,3.4142
39,C,D,25701,25979,1,25701,,CHBD,270,0,25971,3
40,I,F,55651,55929,1,55741,,IDF,180,90,55831,2
41,E,H,72341,72529,1,72341,,ECH,180,0,72521,2
42,D,E,62401,62679,1,62491,,DIE,180,90,62581,2
43,H,A,76846,77034,1,76936,,HA,90,90,76936,1
44,F,C,71476,71844,1,71476,,FDBHC,360,0,71836,4
45,D,B,56516,56616,1,56516,,DB,90,0,56606,1
46,J,B,39878,40156,1,39878,,JIHB,270,0,40148,3
47,H,F,75300,75578,1,75300,,HBDF,270,0,75570,3
48,C,J,54549,54830,1,54549,,CHIJ,270,0,54819,3
49,B,I,65518,65796,1,65608,,BHI,180,90,65698,2
50,C,F,70044,70412,1,70044,,CHBDF,360,0,70404,4
51,B,J,42984,43262,1,42984,,BHIJ,270,0,43254,3
52,A,H,39822,39920,1,39822,,AH,90,0,39912,1
53,G,B,63192,63560,1,63192,,GECHB,360,0,63552,4
54,D,E,44547,44825,1,44637,,DIE,180,90,44727,2
55,A,F,43178,43493.278,1,43178,,ABDF,307.278,0,43485.278,3.4142
56,D,G,74650,74928,1,74650,,DFJG,270,0,74920,3
57,H,I,76009,76197,1,76099,,HI,90,90,76099,1
58,C,A,70030,70165.278,1,70030,,CA,127.27799999999999,0,70157.278,1.4142
59,G,B,68290,68658,1,68290,,GECHB,360,0,68650,4
60,C,H,25950,26048,1,25950,,CH,90,0,26040,1
61,B,D,30821,30919,1,30821,,BD,90,0,30911,1
62,D,A,56695,57010.278,1,56785,,DBA,217.278,90,56912.278,2.4142
63,C,G,25771,25959,1,25771,,CEG,180,0,25951,2
64,D,F,75726,75824,1,75726,,DF,90,0,75816,1
65,D,F,34514,34612,1,34514,,DF,90,0,34604,1
66,H,G,25601,25879,1,25601,,HCEG,270,0,25871,3
67,C,D,61649,61927,1,61649,,CHBD,270,0,61919,3
68,C,A,59409,59544.278,1,59409,,CA,127.27799999999999,0,59536.278,1.4142
69,G,E,83452,83550,1,83452,,GE,90,0,83542,1
70,B,D,44122,44220,1,44122,,BD,90,0,44212,1
71,B,J,31878,32156,1,31878,,BHIJ,270,0,32148,3
72,G,H,58337,58615,1,58337,,GECH,270,0,58607,3
73,B,C,61519,61707,1,61519,,BHC,180,0,61699,2
74,A,I,57883,58071,1,57883,,AHI,180,0,58063,2
75,H,C,79860,79958,1,79860,,HC,90,0,79950,1
76,I,G,73265,73543,1,73355,,IJG,180,90,73445,2
77,B,D,67315,67503,1,67405,,BD,90,90,67405,1
78,H,G,64647,64925,1,64647,,HCEG,270,0,64917,3
79,A,E,46221,46446.278,1,46221,,ACE,217.278,0,46438.278,2.4142
80,I,C,28224,28412,1,28224,,IHC,180,0,28404,2
81,B,F,72053,72283,1,72095,,BDF,180,42,72233,2
82,C,B,70563,70751,1,70563,,CHB,180,0,70743,2
83,G,A,48771,49086.278,1,48771,,GECA,307.278,0,49078.278,3.4142
84,J,E,79384,79572,1,79384,,JIE,180,0,79564,2
85,A,E,67503,67728.278,1,67503,,ACE,217.278,0,67720.278,2.4142
86,D,I,36895,37083,1,36985,,DI,90,90,36985,1
87,A,H,56498,56596,1,56498,,AH,90,0,56588,1
88,C,I,69540,69728,1,69540,,CHI,180,0,69720,2
89,I,F,70909,71097,1,70909,,IDF,180,0,71089,2
90,G,C,29841,30029,1,29841,,GEC,180,0,30021,2
91,F,C,83047,83415,1,83047,,FDBHC,360,0,83407,4
92,C,J,22228,22506,1,22228,,CHIJ,270,0,22498,3
93,H,A,59480,59578,1,59480,,HA,90,0,59570,1
94,F,J,71034,71132,1,71034,,FJ,90,0,71124,1
95,C,H,83629,83727,1,83629,,CH,90,0,83719,1
96,E,A,52894,53119.278,1,52894,,ECA,217.278,0,53111.278,2.4142
97,H,B,22917,23015,1,22917,,HB,90,0,23007,1
98,D,G,64046,64414,1,64136,,DFJG,270,90,64316,3
99,B,H,32598,32696,1,32598,,BH,90,0,32688,1
100,E,J,48273,48461,1,48273,,EIJ,180,0,48453,2
101,E,F,58949,59317,1,59039,,EIDF,270,90,59219,3
102,E,H,63500,63688,1,63500,,ECH,180,0,63680,2
103,I,G,27584,27772,1,27584,,IJG,180,0,27764,2
104,J,D,74343,74531,1,74343,,JID,180,0,74523,2
105,I,E,47201,47389,1,47291,,IE,90,90,47291,1
106,A,F,28811,29126.278,1,28811,,ABDF,307.278,0,29118.278,3.4142
107,E,I,36398,36496,1,36398,,EI,90,0,36488,1
108,E,G,57653,57751,1,57653,,EG,90,0,57743,1
109,E,F,75740,76018,1,75740,,EIDF,270,0,76010,3
110,F,G,81362,81550,1,81362,,FJG,180,0,81542,2
111,H,F,82783,83151,1,82873,,HBDF,270,90,83053,3
112,C,I,74289,74477,1,74289,,CHI,180,0,74469,2
113,E,I,64553,64651,1,64553,,EI,90,0,64643,1
114,I,H,29393,29491,1,29393,,IH,90,0,29483,1
115,F,D,71343,71441,1,71343,,FD,90,0,71433,1
116,J,A,29555,29833,1,29555,,JIHA,270,0,29825,3
117,E,B,22910,23278,1,23000,,ECHB,270,90,23180,3
118,H,I,75921,76109,1,76011,,HI,90,90,76011,1
119,G,J,26011,26109,1,26011,,GJ,90,0,26101,1
120,D,H,27137,27325,1,27137,,DBH,180,0,27317,2
121,A,F,43570,43885.278,1,43570,,ABDF,307.278,0,43877.278,3.4142
122,I,B,82517,82705,1,82517,,IHB,180,0,82697,2
123,A,C,30415,30550.278,1,30415,,AC,127.27799999999999,0,30542.278,1.4142
124,D,G,78227,78505,1,78227,,DFJG,270,0,78497,3
125,H,C,55903,56001,1,55903,,HC,90,0,55993,1
126,G,J,25054,25152,1,25054,,GJ,90,0,25144,1
127,E,J,43610,43798,1,43610,,EIJ,180,0,43790,2
128,I,J,31122,31220,1,31122,,IJ,90,0,31212,1
129,I,C,62081,62359,1,62171,,IHC,180,90,62261,2
130,C,E,61379,61477,1,61379,,CE,90,0,61469,1
131,J,A,44076,44354,1,44076,,JIHA,270,0,44346,3
132,I,E,24476,24664,1,24566,,IE,90,90,24566,1
133,C,B,50859,51047,1,50859,,CHB,180,0,51039,2
134,F,E,69139,69417,1,69139,,FDIE,270,0,69409,3
135,H,C,81836,81934,1,81836,,HC,90,0,81926,1
136,E,D,28818,29006,1,28818,,EID,180,0,28998,2
137,G,E,41614,41712,1,41614,,GE,90,0,41704,1
138,E,A,76079,76304.278,1,76079,,ECA,217.278,0,76296.278,2.4142
139,E,F,34355,34633,1,34355,,EIDF,270,0,34625,3
140,A,F,50755,51070.278,1,50755,,ABDF,307.278,0,51062.278,3.4142
141,E,F,81085,81363,1,81085,,EIDF,270,0,81355,3
142,J,G,71798,71896,1,71798,,JG,90,0,71888,1
143,J,F,65104,65202,1,65104,,JF,90,0,65194,1
144,D,C,33299,33577,1,33299,,DBHC,270,0,33569,3
145,B,C,53398,53586,1,53398,,BHC,180,0,53578,2
146,F,H,33830,34108,1,33830,,FDBH,270,0,34100,3
147,B,I,64022,64300,1,64112,,BHI,180,90,64202,2
148,C,H,65719,65817,1,65719,,CH,90,0,65809,1
149,A,J,64657,64935,1,64657,,AHIJ,270,0,64927,3
150,F,A,62980,63295.278,1,62980,,FDBA,307.278,0,63287.278,3.4142
151,H,C,50294,50392,1,50294,,HC,90,0,50384,1
152,E,H,78756,78944,1,78756,,ECH,180,0,78936,2
153,E,B,22307,22675,1,22397,,ECHB,270,90,22577,3
154,D,H,85909,86187,1,85999,,DBH,180,90,86089,2
155,C,I,42396,42711.278,1,42523.278,,CHI,180,127.27799999999843,42576,2
156,H,D,25458,25646,1,25458,,HBD,180,0,25638,2
157,H,J,39032,39220,1,39032,,HIJ,180,0,39212,2
158,G,C,46832,47020,1,46832,,GEC,180,0,47012,2
159,E,H,21703,21891,1,21703,,ECH,180,0,21883,2
160,B,C,33607,33795,1,33607,,BHC,180,0,33787,2
161,E,A,45471,45696.278,1,45471,,ECA,217.278,0,45688.278,2.4142
162,E,H,31789,32067,1,31879,,ECH,180,90,31969,2
163,G,J,82932,83030,1,82932,,GJ,90,0,83022,1
164,C,A,57367,57502.278,1,57367,,CA,127.27799999999999,0,57494.278,1.4142
165,B,E,36049,36327,1,36049,,BHCE,270,0,36319,3
166,D,E,79431,79619,1,79431,,DIE,180,0,79611,2
167,G,I,61657,61845,1,61657,,GEI,180,0,61837,2
168,I,D,47792,47890,1,47792,,ID,90,0,47882,1
169,A,I,86102,86290,1,86102,,AHI,180,0,86282,2
170,D,G,24671,24996,1,24718,,DFJG,270,47,24941,3
171,J,E,65238,65426,1,65238,,JIE,180,0,65418,2
172,E,F,25914,26196,1,25918,,EIDF,270,4,26184,3
173,B,H,64373,64561,1,64463,,BH,90,90,64463,1
174,D,C,37766,38044,1,37766,,DBHC,270,0,38036,3
175,B,G,37388,37756,1,37388,,BHCEG,360,0,37748,4
176,I,B,30627,30905,1,30717,,IHB,180,90,30807,2
177,A,E,70881,71106.278,1,70881,,ACE,217.278,0,71098.278,2.4142
178,J,C,59086,59364,1,59086,,JIHC,270,0,59356,3
179,C,J,28717,28995,1,28717,,CHIJ,270,0,28987,3
180,H,C,65281,65379,1,65281,,HC,90,0,65371,1
181,J,C,42958,43236,1,42958,,JIHC,270,0,43228,3
182,I,B,75754,75942,1,75754,,IHB,180,0,75934,2
183,G,C,65570,65758,1,65570,,GEC,180,0,65750,2
184,H,J,44658,44936,1,44748,,HIJ,180,90,44838,2
185,C,B,36580,36768,1,36580,,CHB,180,0,36760,2
186,F,E,62700,62978,1,62700,,FDIE,270,0,62970,3
187,E,H,59134,59412,1,59224,,ECH,180,90,59314,2
188,B,E,48741,49019,1,48741,,BHCE,270,0,49011,3
189,H,F,21766,22044,1,21766,,HBDF,270,0,22036,3
190,E,C,45702,45800,1,45702,,EC,90,0,45792,1
191,H,A,21820,21922,1,21820,,HA,90,0,21910,1
192,I,D,72497,72619,1,72521,,ID,90,24,72587,1
193,D,E,79043,79234,1,79043,,DIE,180,0,79223,2
194,C,H,83459,83557,1,83459,,CH,90,0,83549,1
195,C,A,75611,75746.278,1,75611,,CA,127.27799999999999,0,75738.278,1.4142
196,C,E,49533,49631,1,49533,,CE,90,0,49623,1
197,H,G,70316,70594,1,70316,,HCEG,270,0,70586,3
198,C,A,57360,57495.278,1,57360,,CA,127.27799999999999,0,57487.278,1.4142
199,I,F,29627,29815,1,29627,,IDF,180,0,29807,2
200,A,D,25872,26097.278,1,25872,,ABD,217.278,0,26089.278,2.4142
201,G,H,63801,64079,1,63801,,GECH,270,0,64071,3
202,F,C,55158,55526,1,55158,,FDBHC,360,0,55518,4
203,G,I,83299,83487,1,83299,,GEI,180,0,83479,2
204,G,H,74113,74391,1,74113,,GECH,270,0,74383,3
205,A,I,71898,72086,1,71898,,AHI,180,0,72078,2
206,E,F,30335,30613,1,30335,,EIDF,270,0,30605,3
207,G,D,72764,73042,1,72764,,GEID,270,0,73034,3
208,A,J,53729,54013,1,53729,,AHIJ,270,0,53999,3
209,G,F,53333,53521,1,53333,,GJF,180,0,53513,2
210,F,D,40554,40652,1,40554,,FD,90,0,40644,1
211,E,G,54548,54736,1,54638,,EG,90,90,54638,1
212,A,H,30347,30445,1,30347,,AH,90,0,30437,1
213,A,D,73511,73736.278,1,73511,,ABD,217.278,0,73728.278,2.4142
214,C,E,62835,62933,1,62835,,CE,90,0,62925,1
215,I,F,71358,71546,1,71358,,IDF,180,0,71538,2
216,D,B,75878,75976,1,75878,,DB,90,0,75968,1
217,E,J,62383,62571,1,62383,,EIJ,180,0,62563,2
218,B,F,71119,71397,1,71209,,BDF,180,90,71299,2
219,I,E,44204,44392,1,44294,,IE,90,90,44294,1
220,B,A,38385,38520.278,1,38385,,BA,127.27799999999999,0,38512.278,1.4142
221,G,A,23560,23875.278,1,23560,,GECA,307.278,0,23867.278,3.4142
222,H,E,80532,80810,1,80622,,HCE,180,90,80712,2
223,F,E,25640,25918,1,25640,,FDIE,270,0,25910,3
224,E,I,68992,69090,1,68992,,EI,90,0,69082,1
225,G,H,59037,59315,1,59037,,GECH,270,0,59307,3
226,C,G,69825,70013,1,69825,,CEG,180,0,70005,2
227,D,E,62727,63005,1,62817,,DIE,180,90,62907,2
228,E,F,71992,72270,1,71992,,EIDF,270,0,72262,3
229,C,F,30284,30652,1,30284,,CHBDF,360,0,30644,4
230,D,A,80828,81053.278,1,80828,,DBA,217.278,0,81045.278,2.4142
231,D,F,33509,33607,1,33509,,DF,90,0,33599,1
232,D,H,65176,65364,1,65176,,DBH,180,0,65356,2
233,E,H,83245,83433,1,83245,,ECH,180,0,83425,2
234,B,C,73795,73983,1,73795,,BHC,180,0,73975,2
235,G,D,22593,22871,1,22593,,GEID,270,0,22863,3
236,J,E,26125,26313,1,26125,,JIE,180,0,26305,2
237,A,G,56614,56929.278,1,56614,,ACEG,307.278,0,56921.278,3.4142
238,H,F,52044,52322,1,52044,,HBDF,270,0,52314,3
239,J,B,66090,66368,1,66090,,JIHB,270,0,66360,3
240,C,D,38239,38517,1,38239,,CHBD,270,0,38509,3
241,H,D,52964,53152,1,52964,,HBD,180,0,53144,2
242,B,D,41196,41294,1,41196,,BD,90,0,41286,1
243,G,A,62082,62397.278,1,62082,,GECA,307.278,0,62389.278,3.4142
244,J,D,58324,58512,1,58324,,JID,180,0,58504,2
245,A,J,36791,37069,1,36791,,AHIJ,270,0,37061,3
246,B,H,58286,58474,1,58376,,BH,90,90,58376,1
247,F,A,60197,60512.278,1,60197,,FDBA,307.278,0,60504.278,3.4142
248,A,E,84441,84666.278,1,84441,,ACE,217.278,0,84658.278,2.4142
249,B,J,59976,60254,1,59976,,BHIJ,270,0,60246,3
250,E,A,28059,28374.278,1,28149,,ECA,217.278,90,28276.278,2.4142
251,I,F,30367,30645,1,30457,,IDF,180,90,30547,2
252,E,C,75416,75514,1,75416,,EC,90,0,75506,1
253,H,E,63033,63221,1,63033,,HCE,180,0,63213,2
254,B,F,78524,78712,1,78524,,BDF,180,0,78704,2
255,H,J,39232,39510,1,39322,,HIJ,180,90,39412,2
256,F,G,85612,85800,1,85612,,FJG,180,0,85792,2
257,A,J,33243,33521,1,33243,,AHIJ,270,0,33513,3
258,B,F,55979,56257,1,56069,,BDF,180,90,56159,2
259,F,C,30246,30614,1,30246,,FDBHC,360,0,30606,4
260,H,C,64840,64938,1,64840,,HC,90,0,64930,1
261,E,B,75207,75485,1,75207,,ECHB,270,0,75477,3
262,E,A,80085,80310.278,1,80085,,ECA,217.278,0,80302.278,2.4142
263,D,H,54251,54439,1,54251,,DBH,180,0,54431,2
264,E,B,41128,41406,1,41128,,ECHB,270,0,41398,3
265,E,G,78680,78778,1,78680,,EG,90,0,78770,1
266,J,A,80199,80477,1,80199,,JIHA,270,0,80469,3
267,A,F,24879,25194.278,1,24879,,ABDF,307.278,0,25186.278,3.4142
268,H,F,57929,58207,1,57929,,HBDF,270,0,58199,3
269,E,G,37871,37969,1,37871,,EG,90,0,37961,1
270,B,E,26942,27220,1,26942,,BHCE,270,0,27212,3
271,C,A,69812,69947.278,1,69812,,CA,127.27799999999999,0,69939.278,1.4142
272,I,F,26220,26408,1,26220,,IDF,180,0,26400,2
273,D,H,70749,71030,1,70842,,DBH,180,93,70929,2
274,H,E,65156,65344,1,65156,,HCE,180,0,65336,2
275,C,E,59975,60073,1,59975,,CE,90,0,60065,1
276,A,I,78100,78288,1,78100,,AHI,180,0,78280,2
277,I,J,68135,68233,1,68135,,IJ,90,0,68225,1
278,J,E,79902,80090,1,79902,,JIE,180,0,80082,2
279,E,C,65553,65651,1,65553,,EC,90,0,65643,1
280,A,H,45539,45637,1,45539,,AH,90,0,45629,1
281,A,D,71182,71407.278,1,71182,,ABD,217.278,0,71399.278,2.4142
282,F,B,28581,28769,1,28581,,FDB,180,0,28761,2
283,C,A,48236,48371.278,1,48236,,CA,127.27799999999999,0,48363.278,1.4142
284,I,F,38251,38529,1,38341,,IDF,180,90,38431,2
285,F,A,50879,51201.556,1,50879,,FDBA,307.278,0,51186.278,3.4142
286,C,A,49603,49738.278,1,49603,,CA,127.27799999999999,0,49730.278,1.4142
287,C,E,72202,72300,1,72202,,CE,90,0,72292,1
288,F,H,58993,59271,1,58993,,FDBH,270,0,59263,3
289,B,C,79138,79326,1,79138,,BHC,180,0,79318,2
290,D,I,81443,81631,1,81533,,DI,90,90,81533,1
291,H,C,26829,26927,1,26829,,HC,90,0,26919,1
292,F,E,78504,78782,1,78504,,FDIE,270,0,78774,3
293,I,A,43139,43417,1,43229,,IHA,180,90,43319,2
294,H,E,86177,86365,1,86177,,HCE,180,0,86357,2
295,G,A,40746,41061.278,1,40746,,GECA,307.278,0,41053.278,3.4142
296,J,F,71711,71809,1,71711,,JF,90,0,71801,1
297,B,C,41920,42108,1,41920,,BHC,180,0,42100,2
298,E,H,39738,39926,1,39738,,ECH,180,0,39918,2
299,A,F,30880,31195.278,1,30880,,ABDF,307.278,0,31187.278,3.4142
300,J,B,72350,72628,1,72350,,JIHB,270,0,72620,3
301,E,G,58974,59162,1,59064,,EG,90,90,59064,1
302,J,F,52419,52517,1,52419,,JF,90,0,52509,1
303,I,J,69794,69892,1,69794,,IJ,90,0,69884,1
304,I,G,51911,52189,1,52001,,IJG,180,90,52091,2
305,I,C,85886,86074,1,85886,,IHC,180,0,86066,2
306,G,J,56319,56417,1,56319,,GJ,90,0,56409,1
307,D,I,65370,65558,1,65460,,DI,90,90,65460,1
308,H,A,53395,53493,1,53395,,HA,90,0,53485,1
309,F,A,63422,63737.278,1,63422,,FDBA,307.278,0,63729.278,3.4142
310,I,H,43678,43776,1,43678,,IH,90,0,43768,1
311,E,F,43370,43648,1,43370,,EIDF,270,0,43640,3
312,G,I,69665,69853,1,69665,,GEI,180,0,69845,2
313,A,C,42607,42742.278,1,42607,,AC,127.27799999999999,0,42734.278,1.4142
314,H,G,56958,57236,1,56958,,HCEG,270,0,57228,3
315,I,B,21623,21811,1,21623,,IHB,180,0,21803,2
316,B,D,50954,51052,1,50954,,BD,90,0,51044,1
317,J,I,73491,73589,1,73491,,JI,90,0,73581,1
318,J,F,29560,29658,1,29560,,JF,90,0,29650,1
319,F,E,49781,50059,1,49781,,FDIE,270,0,50051,3
320,E,J,26223,26501,1,26313,,EIJ,180,90,26403,2
321,C,J,42237,42515,1,42237,,CHIJ,270,0,42507,3
322,C,F,55951,56319,1,55951,,CHBDF,360,0,56311,4
323,I,C,45606,45794,1,45606,,IHC,180,0,45786,2
324,H,E,64451,64639,1,64451,,HCE,180,0,64631,2
325,D,B,42649,42747,1,42649,,DB,90,0,42739,1
326,F,G,44613,44801,1,44613,,FJG,180,0,44793,2
327,J,G,34789,34887,1,34789,,JG,90,0,34879,1
328,A,C,54159,54294.278,1,54159,,AC,127.27799999999999,0,54286.278,1.4142
329,D,I,67054,67242,1,67144,,DI,90,90,67144,1
330,A,G,26027,26342.278,1,26027,,ACEG,307.278,0,26334.278,3.4142
331,G,B,64829,65197,1,64829,,GECHB,360,0,65189,4
332,E,G,27442,27540,1,27442,,EG,90,0,27532,1
333,D,J,55725,56003,1,55815,,DFJ,180,90,55905,2
334,B,E,43413,43691,1,43413,,BHCE,270,0,43683,3
335,D,G,47568,47936,1,47658,,DFJG,270,90,47838,3
336,J,C,29112,29390,1,29112,,JIHC,270,0,29382,3
337,E,D,25986,26264,1,26076,,EID,180,90,26166,2
338,H,G,80141,80419,1,80141,,HCEG,270,0,80411,3
339,F,H,67111,67389,1,67111,,FDBH,270,0,67381,3
340,D,G,71474,71752,1,71474,,DFJG,270,0,71744,3
341,F,C,80213,80581,1,80213,,FDBHC,360,0,80573,4
342,F,C,47671,48039,1,47671,,FDBHC,360,0,48031,4
343,B,F,47157,47345,1,47157,,BDF,180,0,47337,2
344,G,H,75415,75693,1,75415,,GECH,270,0,75685,3
345,C,D,39322,39600,1,39322,,CHBD,270,0,39592,3
346,A,C,22377,22512.278,1,22377,,AC,127.27799999999999,0,22504.278,1.4142
347,D,I,83195,83383,1,83285,,DI,90,90,83285,1
348,C,A,62499,62634.278,1,62499,,CA,127.27799999999999,0,62626.278,1.4142
349,H,J,75557,75835,1,75647,,HIJ,180,90,75737,2
350,J,C,62871,63149,1,62871,,JIHC,270,0,63141,3
351,J,C,67613,67895,1,67613,,JIHC,270,0,67883,3
352,H,G,78538,78906,1,78628,,HCEG,270,90,78808,3
353,J,C,60432,60710,1,60432,,JIHC,270,0,60702,3
354,G,C,64855,65043,1,64855,,GEC,180,0,65035,2
355,H,I,27578,27676,1,27578,,HI,90,0,27668,1
356,H,G,77507,77875,1,77597,,HCEG,270,90,77777,3
357,E,I,57696,57884,1,57786,,EI,90,90,57786,1
358,F,G,34258,34446,1,34258,,FJG,180,0,34438,2
359,H,G,52762,53040,1,52762,,HCEG,270,0,53032,3
360,I,A,36945,37223,1,37035,,IHA,180,90,37125,2
361,D,F,70437,70535,1,70437,,DF,90,0,70527,1
362,I,H,41515,41703,1,41605,,IH,90,90,41605,1
363,E,D,38812,39090,1,38902,,EID,180,90,38992,2
364,B,J,73198,73476,1,73198,,BHIJ,270,0,73468,3
365,C,A,38296,38431.278,1,38296,,CA,127.27799999999999,0,38423.278,1.4142
366,J,F,78239,78337,1,78239,,JF,90,0,78329,1
367,I,D,73507,73687,1,73589,,ID,90,82,73597,1
368,A,D,49662,49887.278,1,49662,,ABD,217.278,0,49879.278,2.4142
369,E,H,50439,50627,1,50439,,ECH,180,0,50619,2
370,E,B,83014,83292,1,83014,,ECHB,270,0,83284,3
371,C,E,80566,80664,1,80566,,CE,90,0,80656,1
372,J,D,50074,50262,1,50074,,JID,180,0,50254,2
373,A,D,55189,55414.278,1,55189,,ABD,217.278,0,55406.278,2.4142
374,G,B,26038,26406,1,26038,,GECHB,360,0,26398,4
375,H,F,35112,35390,1,35112,,HBDF,270,0,35382,3
376,I,A,29826,30104,1,29916,,IHA,180,90,30006,2
377,G,B,67523,67891,1,67523,,GECHB,360,0,67883,4
378,A,J,59985,60263,1,59985,,AHIJ,270,0,60255,3
379,F,E,62676,62954,1,62676,,FDIE,270,0,62946,3
380,F,B,47947,48135,1,47947,,FDB,180,0,48127,2
381,E,I,27986,28174,1,28076,,EI,90,90,28076,1
382,E,I,52861,52959,1,52861,,EI,90,0,52951,1
383,H,E,44584,44772,1,44584,,HCE,180,0,44764,2
384,G,D,48542,48820,1,48542,,GEID,270,0,48812,3
385,J,G,57948,58046,1,57948,,JG,90,0,58038,1
386,J,G,52969,53067,1,52969,,JG,90,0,53059,1
387,I,C,86290,86478,1,86290,,IHC,180,0,86470,2
388,D,G,76168,76446,1,76168,,DFJG,270,0,76438,3
389,I,E,81335,81433,1,81335,,IE,90,0,81425,1
390,J,E,72052,72240,1,72052,,JIE,180,0,72232,2
391,D,E,58960,59238,1,59050,,DIE,180,90,59140,2
392,I,D,53433,53531,1,53433,,ID,90,0,53523,1
393,A,B,43089,43224.278,1,43089,,AB,127.27799999999999,0,43216.278,1.4142
394,F,E,39155,39433,1,39155,,FDIE,270,0,39425,3
395,A,E,61381,61606.278,1,61381,,ACE,217.278,0,61598.278,2.4142
396,E,A,47099,47324.278,1,47099,,ECA,217.278,0,47316.278,2.4142
397,G,E,43537,43635,1,43537,,GE,90,0,43627,1
398,C,D,79082,79360,1,79082,,CHBD,270,0,79352,3
399,A,E,60330,60555.278,1,60330,,ACE,217.278,0,60547.278,2.4142
400,B,C,40333,40521,1,40333,,BHC,180,0,40513,2
401,B,H,48576,48674,1,48576,,BH,90,0,48666,1
402,G,C,54482,54670,1,54482,,GEC,180,0,54662,2
403,J,B,80428,80706,1,80428,,JIHB,270,0,80698,3
404,J,H,78491,78679,1,78491,,JIH,180,0,78671,2
405,H,A,82230,82418,1,82320,,HA,90,90,82320,1
406,C,E,77219,77317,1,77219,,CE,90,0,77309,1
407,G,H,54486,54764,1,54486,,GECH,270,0,54756,3
408,B,D,78953,79054,1,78953,,BD,90,0,79043,1
409,A,H,37733,37831,1,37733,,AH,90,0,37823,1
410,F,A,59562,59877.278,1,59562,,FDBA,307.278,0,59869.278,3.4142
411,H,G,84971,85249,1,84971,,HCEG,270,0,85241,3
412,F,D,75211,75309,1,75211,,FD,90,0,75301,1
413,G,J,21738,21836,1,21738,,GJ,90,0,21828,1
414,A,G,78143,78458.278,1,78143,,ACEG,307.278,0,78450.278,3.4142
415,A,I,30297,30485,1,30297,,AHI,180,0,30477,2
416,I,B,53641,53919,1,53731,,IHB,180,90,53821,2
417,A,C,29059,29194.278,1,29059,,AC,127.27799999999999,0,29186.278,1.4142
418,A,G,74477,74792.278,1,74477,,ACEG,307.278,0,74784.278,3.4142
419,I,H,41820,41918,1,41820,,IH,90,0,41910,1
420,E,B,85762,86040,1,85762,,ECHB,270,0,86032,3
421,B,J,28338,28616,1,28338,,BHIJ,270,0,28608,3
422,H,G,82853,83221,1,82943,,HCEG,270,90,83123,3
423,H,C,64995,65093,1,64995,,HC,90,0,65085,1
424,F,A,39038,39353.278,1,39038,,FDBA,307.278,0,39345.278,3.4142
425,I,B,40392,40580,1,40392,,IHB,180,0,40572,2
426,J,H,83641,83829,1,83641,,JIH,180,0,83821,2
427,I,G,34815,35003,1,34815,,IJG,180,0,34995,2
428,E,I,49112,49210,1,49112,,EI,90,0,49202,1
429,I,F,49984,50172,1,49984,,IDF,180,0,50164,2
430,E,H,35053,35241,1,35053,,ECH,180,0,35233,2
431,A,F,23973,24288.278,1,23973,,ABDF,307.278,0,24280.278,3.4142
432,F,C,42587,42955,1,42587,,FDBHC,360,0,42947,4
433,E,F,79957,80235,1,79957,,EIDF,270,0,80227,3
434,E,D,78327,78515,1,78327,,EID,180,0,78507,2
435,G,J,57320,57418,1,57320,,GJ,90,0,57410,1
436,D,H,45014,45292,1,45104,,DBH,180,90,45194,2
437,C,A,40407,40632.278,1,40497,,CA,127.27799999999999,90,40534.278,1.4142
438,J,I,33339,33437,1,33339,,JI,90,0,33429,1
439,F,A,57710,58025.278,1,57710,,FDBA,307.278,0,58017.278,3.4142
440,B,J,63987,64265,1,63987,,BHIJ,270,0,64257,3
441,J,A,28718,28996,1,28718,,JIHA,270,0,28988,3
442,H,A,84952,85050,1,84952,,HA,90,0,85042,1
443,H,B,38868,38966,1,38868,,HB,90,0,38958,1
444,A,D,65836,66061.278,1,65836,,ABD,217.278,0,66053.278,2.4142
445,I,F,22685,22873,1,22685,,IDF,180,0,22865,2
446,E,F,29658,30026,1,29748,,EIDF,270,90,29928,3
447,J,G,73583,73681,1,73583,,JG,90,0,73673,1
448,A,F,55403,55718.278,1,55403,,ABDF,307.278,0,55710.278,3.4142
449,A,B,33945,34080.278,1,33945,,AB,127.27799999999999,0,34072.278,1.4142
450,B,D,78768,78866,1,78768,,BD,90,0,78858,1
451,A,B,83179,83314.278,1,83179,,AB,127.27799999999999,0,83306.278,1.4142
452,H,G,71285,71563,1,71285,,HCEG,270,0,71555,3
453,E,I,40080,40232,1,40134,,EI,90,54,40170,1
454,F,A,56592,56907.278,1,56592,,FDBA,307.278,0,56899.278,3.4142
455,F,B,62598,62786,1,62598,,FDB,180,0,62778,2
456,G,I,80028,80216,1,80028,,GEI,180,0,80208,2
457,C,I,42917,43105,1,42917,,CHI,180,0,43097,2
458,D,A,53533,53758.278,1,53533,,DBA,217.278,0,53750.278,2.4142
459,J,I,27225,27323,1,27225,,JI,90,0,27315,1
460,J,E,48926,49114,1,48926,,JIE,180,0,49106,2
461,G,E,60735,60833,1,60735,,GE,90,0,60825,1
462,D,A,74119,74344.278,1,74119,,DBA,217.278,0,74336.278,2.4142
463,B,C,73437,73715,1,73527,,BHC,180,90,73617,2
464,J,D,34902,35097,1,34902,,JID,180,0,35082,2
465,H,C,31713,31901,1,31803,,HC,90,90,31803,1
466,G,D,29040,29318,1,29040,,GEID,270,0,29310,3
467,H,I,41632,41801,1,41703,,HI,90,71,41722,1
468,F,J,38610,38708,1,38610,,FJ,90,0,38700,1
469,C,D,25618,25896,1,25618,,CHBD,270,0,25888,3
470,B,A,75439,75574.278,1,75439,,BA,127.27799999999999,0,75566.278,1.4142
471,F,G,39763,39951,1,39763,,FJG,180,0,39943,2
472,B,I,35035,35223,1,35035,,BHI,180,0,35215,2
473,H,B,31499,31687,1,31589,,HB,90,90,31589,1
474,G,J,44003,44101,1,44003,,GJ,90,0,44093,1
475,E,A,81080,81305.278,1,81080,,ECA,217.278,0,81297.278,2.4142
476,B,E,49450,49728,1,49450,,BHCE,270,0,49720,3
477,B,H,48288,48386,1,48288,,BH,90,0,48378,1
478,J,D,49245,49433,1,49245,,JID,180,0,49425,2
479,J,E,66827,67015,1,66827,,JIE,180,0,67007,2
480,A,I,72333,72521,1,72333,,AHI,180,0,72513,2
481,B,A,66242,66467.278,1,66332,,BA,127.27799999999999,90,66369.278,1.4142
482,H,B,75644,75791,1,75693,,HB,90,49,75734,1
483,F,B,30858,31046,1,30858,,FDB,180,0,31038,2
484,F,E,63105,63383,1,63105,,FDIE,270,0,63375,3
485,H,F,40771,41139,1,40861,,HBDF,270,90,41041,3
486,B,C,51566,51754,1,51566,,BHC,180,0,51746,2
487,F,G,55835,56023,1,55835,,FJG,180,0,56015,2
488,I,E,77566,77664,1,77566,,IE,90,0,77656,1
489,C,A,71139,71274.278,1,71139,,CA,127.27799999999999,0,71266.278,1.4142
490,A,C,72448,72583.278,1,72448,,AC,127.27799999999999,0,72575.278,1.4142
491,F,B,29404,29592,1,29404,,FDB,180,0,29584,2
492,G,B,74376,74744,1,74376,,GECHB,360,0,74736,4
493,C,D,24860,25138,1,24860,,CHBD,270,0,25130,3
494,H,F,51573,51851,1,51573,,HBDF,270,0,51843,3
495,A,C,48618,48753.278,1,48618,,AC,127.27799999999999,0,48745.278,1.4142
496,I,A,22709,22897,1,22709,,IHA,180,0,22889,2
497,D,B,49404,49502,1,49404,,DB,90,0,49494,1
498,A,G,76700,77015.278,1,76700,,ACEG,307.278,0,77007.278,3.4142
499,D,C,23237,23515,1,23237,,DBHC,270,0,23507,3
500,J,A,65781,66059,1,65781,,JIHA,270,0,66051,3
501,F,A,74878,75193.278,1,74878,,FDBA,307.278,0,75185.278,3.4142
502,A,F,80200,80515.278,1,80200,,ABDF,307.278,0,80507.278,3.4142
503,D,I,37608,37796,1,37698,,DI,90,90,37698,1
504,I,E,38025,38123,1,38025,,IE,90,0,38115,1
505,H,D,70062,70250,1,70062,,HBD,180,0,70242,2
506,B,I,67949,68137,1,67949,,BHI,180,0,68129,2
507,A,C,51663,51798.278,1,51663,,AC,127.27799999999999,0,51790.278,1.4142
508,I,G,30433,30673,1,30485,,IJG,180,52,30613,2
509,D,G,78539,78817,1,78539,,DFJG,270,0,78809,3
510,C,A,65018,65153.278,1,65018,,CA,127.27799999999999,0,65145.278,1.4142
511,C,H,70148,70246,1,70148,,CH,90,0,70238,1
512,E,F,25523,25801,1,25523,,EIDF,270,0,25793,3
513,H,C,48395,48493,1,48395,,HC,90,0,48485,1
514,I,B,42812,43000,1,42812,,IHB,180,0,42992,2
515,A,I,25340,25528,1,25340,,AHI,180,0,25520,2
516,E,F,61838,62116,1,61838,,EIDF,270,0,62108,3
517,H,A,68538,68636,1,68538,,HA,90,0,68628,1
518,D,A,77849,78074.278,1,77849,,DBA,217.278,0,78066.278,2.4142
519,B,J,62959,63243,1,62959,,BHIJ,270,0,63229,3
520,B,D,68722,68910,1,68812,,BD,90,90,68812,1
521,C,F,51141,51509,1,51141,,CHBDF,360,0,51501,4
522,I,E,43018,43203,1,43105,,IE,90,87,43108,1
523,I,A,56514,56792,1,56604,,IHA,180,90,56694,2
524,A,C,76628,76763.278,1,76628,,AC,127.27799999999999,0,76755.278,1.4142
525,C,D,74711,74989,1,74711,,CHBD,270,0,74981,3
526,J,G,29474,29572,1,29474,,JG,90,0,29564,1
527,G,D,72634,72912,1,72634,,GEID,270,0,72904,3
528,B,F,29889,30077,1,29889,,BDF,180,0,30069,2
529,G,H,33737,34015,1,33737,,GECH,270,0,34007,3
530,E,D,55826,56104,1,55916,,EID,180,90,56006,2
531,J,F,61408,61506,1,61408,,JF,90,0,61498,1
532,G,D,29113,29391,1,29113,,GEID,270,0,29383,3
533,J,A,81335,81613,1,81335,,JIHA,270,0,81605,3
534,E,G,41933,42121,1,42023,,EG,90,90,42023,1
535,I,E,60515,60613,1,60515,,IE,90,0,60605,1
536,I,E,57319,57507,1,57409,,IE,90,90,57409,1
537,F,J,70028,70126,1,70028,,FJ,90,0,70118,1
538,H,G,40390,40668,1,40390,,HCEG,270,0,40660,3
539,F,D,42576,42674,1,42576,,FD,90,0,42666,1
540,J,G,75232,75330,1,75232,,JG,90,0,75322,1
541,E,G,68347,68445,1,68347,,EG,90,0,68437,1
542,G,C,72308,72496,1,72308,,GEC,180,0,72488,2
543,A,J,54237,54515,1,54237,,AHIJ,270,0,54507,3
544,E,D,55575,55853,1,55665,,EID,180,90,55755,2
545,H,B,41544,41732,1,41634,,HB,90,90,41634,1
546,G,J,27279,27377,1,27279,,GJ,90,0,27369,1
547,F,I,22382,22570,1,22382,,FDI,180,0,22562,2
548,I,H,65618,65716,1,65618,,IH,90,0,65708,1
549,G,H,70868,71146,1,70868,,GECH,270,0,71138,3
550,A,F,54901,55216.278,1,54901,,ABDF,307.278,0,55208.278,3.4142
551,H,I,60206,60304,1,60206,,HI,90,0,60296,1
552,F,B,61770,61962,1,61770,,FDB,180,0,61950,2
553,B,E,69651,70019,1,69741,,BHCE,270,90,69921,3
554,J,E,33514,33702,1,33514,,JIE,180,0,33694,2
555,E,H,85895,86083,1,85895,,ECH,180,0,86075,2
556,C,G,78793,78981,1,78793,,CEG,180,0,78973,2
557,E,A,84563,84788.278,1,84563,,ECA,217.278,0,84780.278,2.4142
558,I,D,53927,54115,1,54017,,ID,90,90,54017,1
559,E,D,38953,39231,1,39043,,EID,180,90,39133,2
560,H,A,65106,65204,1,65106,,HA,90,0,65196,1
561,F,H,60334,60612,1,60334,,FDBH,270,0,60604,3
562,E,G,80460,80558,1,80460,,EG,90,0,80550,1
563,G,H,58507,58785,1,58507,,GECH,270,0,58777,3
564,J,G,46811,46909,1,46811,,JG,90,0,46901,1
565,J,A,61867,62145,1,61867,,JIHA,270,0,62137,3
566,B,F,22703,22891,1,22703,,BDF,180,0,22883,2
567,E,C,27392,27490,1,27392,,EC,90,0,27482,1
568,B,E,44499,44777,1,44499,,BHCE,270,0,44769,3
569,C,J,23121,23399,1,23121,,CHIJ,270,0,23391,3
570,D,C,79397,79675,1,79397,,DBHC,270,0,79667,3
571,D,A,86208,86433.278,1,86208,,DBA,217.278,0,86425.278,2.4142
572,I,E,79705,79803,1,79705,,IE,90,0,79795,1
573,J,H,48686,48874,1,48686,,JIH,180,0,48866,2
574,H,F,83348,83711,1,83433,,HBDF,270,85,83618,3
575,I,F,52261,52449,1,52261,,IDF,180,0,52441,2
576,C,B,35117,35305,1,35117,,CHB,180,0,35297,2
577,J,D,85873,86061,1,85873,,JID,180,0,86053,2
578,F,A,70568,70883.278,1,70568,,FDBA,307.278,0,70875.278,3.4142
579,A,J,42851,43129,1,42851,,AHIJ,270,0,43121,3
580,C,J,34825,35103,1,34825,,CHIJ,270,0,35095,3
581,F,J,78728,78826,1,78728,,FJ,90,0,78818,1
582,D,I,47563,47751,1,47653,,DI,90,90,47653,1
583,G,A,64441,64756.278,1,64441,,GECA,307.278,0,64748.278,3.4142
584,J,C,68299,68577,1,68299,,JIHC,270,0,68569,3
585,F,C,68903,69271,1,68903,,FDBHC,360,0,69263,4
586,D,I,30862,30960,1,30862,,DI,90,0,30952,1
587,C,G,37308,37496,1,37308,,CEG,180,0,37488,2
588,D,E,66729,66917,1,66729,,DIE,180,0,66909,2
589,F,B,30617,30805,1,30617,,FDB,180,0,30797,2
590,B,E,35559,35837,1,35559,,BHCE,270,0,35829,3
591,J,C,22795,23073,1,22795,,JIHC,270,0,23065,3
592,I,B,50238,50426,1,50238,,IHB,180,0,50418,2
593,I,J,58489,58587,1,58489,,IJ,90,0,58579,1
594,H,D,52343,52531,1,52343,,HBD,180,0,52523,2
595,D,G,47657,48025,1,47747,,DFJG,270,90,47927,3
596,D,E,43359,43547,1,43359,,DIE,180,0,43539,2
597,D,I,33145,33243,1,33145,,DI,90,0,33235,1
598,I,G,65423,65701,1,65513,,IJG,180,90,65603,2
599,F,E,34095,34373,1,34095,,FDIE,270,0,34365,3
600,I,G,54366,54644,1,54456,,IJG,180,90,54546,2
601,J,A,24101,24379,1,24101,,JIHA,270,0,24371,3
602,G,E,28560,28658,1,28560,,GE,90,0,28650,1
603,G,C,62461,62649,1,62461,,GEC,180,0,62641,2
604,I,H,36883,36981,1,36883,,IH,90,0,36973,1
605,B,E,67975,68343,1,68065,,BHCE,270,90,68245,3
606,F,C,80367,80735,1,80367,,FDBHC,360,0,80727,4
607,J,D,32150,32343,1,32150,,JID,180,0,32330,2
608,I,C,64228,64488,1,64300,,IHC,180,72,64408,2
609,J,H,52472,52660,1,52472,,JIH,180,0,52652,2
610,H,E,60375,60563,1,60375,,HCE,180,0,60555,2
611,G,H,25236,25514,1,25236,,GECH,270,0,25506,3
612,J,G,62815,62913,1,62815,,JG,90,0,62905,1
613,D,E,70809,71087,1,70899,,DIE,180,90,70989,2
614,B,I,80992,81180,1,80992,,BHI,180,0,81172,2
615,A,I,81355,81543,1,81355,,AHI,180,0,81535,2
616,A,C,37087,37222.278,1,37087,,AC,127.27799999999999,0,37214.278,1.4142
617,I,F,63730,64008,1,63820,,IDF,180,90,63910,2
618,A,D,43232,43457.278,1,43232,,ABD,217.278,0,43449.278,2.4142
619,D,B,29772,29870,1,29772,,DB,90,0,29862,1
620,B,I,29839,30027,1,29839,,BHI,180,0,30019,2
621,J,I,33112,33210,1,33112,,JI,90,0,33202,1
622,B,F,43898,44086,1,43898,,BDF,180,0,44078,2
623,A,J,85433,85711,1,85433,,AHIJ,270,0,85703,3
624,B,C,21730,21918,1,21730,,BHC,180,0,21910,2
625,B,F,45113,45301,1,45113,,BDF,180,0,45293,2
626,F,A,43831,44146.278,1,43831,,FDBA,307.278,0,44138.278,3.4142
627,C,F,38249,38617,1,38249,,CHBDF,360,0,38609,4
628,G,D,72052,72330,1,72052,,GEID,270,0,72322,3
629,C,D,83096,83374,1,83096,,CHBD,270,0,83366,3
630,J,B,84334,84612,1,84334,,JIHB,270,0,84604,3
631,G,B,82869,83237,1,82869,,GECHB,360,0,83229,4
632,B,G,83297,83665,1,83297,,BHCEG,360,0,83657,4
633,H,I,75063,75161,1,75063,,HI,90,0,75153,1
634,F,D,51573,51671,1,51573,,FD,90,0,51663,1
635,E,I,83387,83491,1,83387,,EI,90,0,83477,1
636,C,B,38276,38464,1,38276,,CHB,180,0,38456,2
637,H,E,67243,67431,1,67243,,HCE,180,0,67423,2
638,H,J,25487,25675,1,25487,,HIJ,180,0,25667,2
639,J,H,80493,80681,1,80493,,JIH,180,0,80673,2
640,I,H,30298,30396,1,30298,,IH,90,0,30388,1
641,G,C,57849,58037,1,57849,,GEC,180,0,58029,2
642,F,I,29005,29193,1,29005,,FDI,180,0,29185,2
643,B,F,77359,77547,1,77359,,BDF,180,0,77539,2
644,I,G,72179,72367,1,72179,,IJG,180,0,72359,2
645,A,H,30300,30399,1,30300,,AH,90,0,30390,1
646,G,A,26568,26883.278,1,26568,,GECA,307.278,0,26875.278,3.4142
647,I,J,80214,80312,1,80214,,IJ,90,0,80304,1
648,G,H,55837,56115,1,55837,,GECH,270,0,56107,3
649,D,A,83083,83308.278,1,83083,,DBA,217.278,0,83300.278,2.4142
650,I,J,83060,83158,1,83060,,IJ,90,0,83150,1
651,A,F,69925,70240.278,1,69925,,ABDF,307.278,0,70232.278,3.4142
652,I,G,33579,33767,1,33579,,IJG,180,0,33759,2
653,B,F,42893,43081,1,42893,,BDF,180,0,43073,2
654,B,E,29832,30110,1,29832,,BHCE,270,0,30102,3
655,I,G,63903,64181,1,63993,,IJG,180,90,64083,2
656,E,G,41539,41637,1,41539,,EG,90,0,41629,1
657,J,A,45876,46154,1,45876,,JIHA,270,0,46146,3
658,D,B,43224,43322,1,43224,,DB,90,0,43314,1
659,D,A,26121,26346.278,1,26121,,DBA,217.278,0,26338.278,2.4142
660,B,J,82402,82770,1,82492,,BHIJ,270,90,82672,3
661,F,H,59837,60115,1,59837,,FDBH,270,0,60107,3
662,H,E,84242,84430,1,84242,,HCE,180,0,84422,2
663,B,J,68601,68936,1,68658,,BHIJ,270,57,68871,3
664,D,B,36331,36519,1,36421,,DB,90,90,36421,1
665,E,H,50708,50896,1,50708,,ECH,180,0,50888,2
666,C,B,60570,60758,1,60570,,CHB,180,0,60750,2
667,G,F,26386,26574,1,26386,,GJF,180,0,26566,2
668,E,C,29860,30048,1,29950,,EC,90,90,29950,1
669,C,F,60920,61288,1,60920,,CHBDF,360,0,61280,4
670,C,D,76393,76671,1,76393,,CHBD,270,0,76663,3
671,G,I,33690,33878,1,33690,,GEI,180,0,33870,2
672,E,H,46955,47143,1,46955,,ECH,180,0,47135,2
673,J,H,84293,84481,1,84293,,JIH,180,0,84473,2
674,I,A,53452,53730,1,53542,,IHA,180,90,53632,2
675,G,A,46836,47151.278,1,46836,,GECA,307.278,0,47143.278,3.4142
676,F,D,74810,74908,1,74810,,FD,90,0,74900,1
677,I,B,46182,46460,1,46272,,IHB,180,90,46362,2
678,B,C,22789,22977,1,22789,,BHC,180,0,22969,2
679,A,B,70507,70642.278,1,70507,,AB,127.27799999999999,0,70634.278,1.4142
680,J,B,60628,60906,1,60628,,JIHB,270,0,60898,3
681,B,D,55221,55319,1,55221,,BD,90,0,55311,1
682,J,G,30699,30797,1,30699,,JG,90,0,30789,1
683,H,E,40746,41028,1,40836,,HCE,180,90,40926,2
684,H,C,67583,67681,1,67583,,HC,90,0,67673,1
685,D,C,85889,86167,1,85889,,DBHC,270,0,86159,3
686,J,G,41481,41579,1,41481,,JG,90,0,41571,1
687,A,C,83645,83780.278,1,83645,,AC,127.27799999999999,0,83772.278,1.4142
688,H,A,28287,28385,1,28287,,HA,90,0,28377,1
689,A,H,77283,77381,1,77283,,AH,90,0,77373,1
690,A,F,33955,34270.278,1,33955,,ABDF,307.278,0,34262.278,3.4142
691,D,H,81057,81335,1,81147,,DBH,180,90,81237,2
692,F,D,75157,75255,1,75157,,FD,90,0,75247,1
693,B,I,55192,55380,1,55192,,BHI,180,0,55372,2
694,B,F,78952,79140,1,78952,,BDF,180,0,79132,2
695,C,E,66186,66284,1,66186,,CE,90,0,66276,1
696,E,B,43813,44091,1,43813,,ECHB,270,0,44083,3
697,F,I,21799,21987,1,21799,,FDI,180,0,21979,2
698,E,B,53596,53964,1,53686,,ECHB,270,90,53866,3
699,J,D,63451,63639,1,63451,,JID,180,0,63631,2
700,D,E,61433,61621,1,61433,,DIE,180,0,61613,2
701,D,E,44750,45028,1,44840,,DIE,180,90,44930,2
702,I,J,24401,24499,1,24401,,IJ,90,0,24491,1
703,H,D,32694,32884,1,32696,,HBD,180,2,32874,2
704,B,E,83459,83737,1,83459,,BHCE,270,0,83729,3
705,I,G,58954,59232,1,59044,,IJG,180,90,59134,2
706,A,B,29205,29340.278,1,29205,,AB,127.27799999999999,0,29332.278,1.4142
707,H,G,30693,30971,1,30693,,HCEG,270,0,30963,3
708,I,C,29524,29712,1,29524,,IHC,180,0,29704,2
709,B,D,81873,82061,1,81963,,BD,90,90,81963,1
710,A,F,84624,84939.278,1,84624,,ABDF,307.278,0,84931.278,3.4142
711,A,C,66198,66333.278,1,66198,,AC,127.27799999999999,0,66325.278,1.4142
712,B,E,52144,52422,1,52144,,BHCE,270,0,52414,3
713,I,B,30532,30810,1,30622,,IHB,180,90,30712,2
714,G,I,83309,83497,1,83309,,GEI,180,0,83489,2
715,C,F,83996,84364,1,83996,,CHBDF,360,0,84356,4
716,J,I,71211,71309,1,71211,,JI,90,0,71301,1
717,F,I,76320,76508,1,76320,,FDI,180,0,76500,2
718,E,F,52950,53228,1,52950,,EIDF,270,0,53220,3
719,E,C,67362,67460,1,67362,,EC,90,0,67452,1
720,J,I,52088,52193,1,52088,,JI,90,0,52178,1
721,H,A,36212,36400,1,36302,,HA,90,90,36302,1
722,H,C,30763,30861,1,30763,,HC,90,0,30853,1
723,D,F,60071,60259,1,60161,,DF,90,90,60161,1
724,J,B,24492,24770,1,24492,,JIHB,270,0,24762,3
725,D,J,55986,56264,1,56076,,DFJ,180,90,56166,2
726,I,F,81351,81539,1,81351,,IDF,180,0,81531,2
727,D,F,73972,74070,1,73972,,DF,90,0,74062,1
728,F,D,47852,47950,1,47852,,FD,90,0,47942,1
729,G,A,65631,65946.278,1,65631,,GECA,307.278,0,65938.278,3.4142
730,I,G,62016,62204,1,62016,,IJG,180,0,62196,2
731,E,D,24440,24718,1,24530,,EID,180,90,24620,2
732,C,A,23790,23925.278,1,23790,,CA,127.27799999999999,0,23917.278,1.4142
733,H,E,84603,84791,1,84603,,HCE,180,0,84783,2
734,H,A,39153,39251,1,39153,,HA,90,0,39243,1
735,B,E,61656,61934,1,61656,,BHCE,270,0,61926,3
736,F,D,79540,79638,1,79540,,FD,90,0,79630,1
737,B,F,48182,48370,1,48182,,BDF,180,0,48362,2
738,B,A,85344,85479.278,1,85344,,BA,127.27799999999999,0,85471.278,1.4142
739,B,G,50123,50491,1,50123,,BHCEG,360,0,50483,4
740,A,J,76577,76855,1,76577,,AHIJ,270,0,76847,3
741,I,E,39983,40134,1,40036,,IE,90,53,40073,1
742,H,C,29110,29208,1,29110,,HC,90,0,29200,1
743,H,A,36019,36207,1,36109,,HA,90,90,36109,1
744,F,C,85406,85774,1,85406,,FDBHC,360,0,85766,4
745,C,B,41537,41725,1,41537,,CHB,180,0,41717,2
746,H,J,72255,72443,1,72255,,HIJ,180,0,72435,2
747,J,G,55082,55180,1,55082,,JG,90,0,55172,1
748,G,F,79570,79758,1,79570,,GJF,180,0,79750,2
749,F,C,72304,72672,1,72304,,FDBHC,360,0,72664,4
750,H,F,70084,70362,1,70084,,HBDF,270,0,70354,3
751,I,D,25252,25350,1,25252,,ID,90,0,25342,1
752,H,D,82253,82531,1,82343,,HBD,180,90,82433,2
753,G,B,84347,84715,1,84347,,GECHB,360,0,84707,4
754,I,D,33534,33632,1,33534,,ID,90,0,33624,1
755,H,F,35405,35773,1,35495,,HBDF,270,90,35675,3
756,G,E,81055,81153,1,81055,,GE,90,0,81145,1
757,I,G,51388,51666,1,51478,,IJG,180,90,51568,2
758,F,J,37729,37827,1,37729,,FJ,90,0,37819,1
759,A,D,65659,65884.278,1,65659,,ABD,217.278,0,65876.278,2.4142
760,A,D,56022,56247.278,1,56022,,ABD,217.278,0,56239.278,2.4142
761,F,B,38740,38928,1,38740,,FDB,180,0,38920,2
762,I,F,62253,62529,1,62341,,IDF,180,88,62433,2
763,G,E,80788,80886,1,80788,,GE,90,0,80878,1
764,D,J,47211,47489,1,47301,,DFJ,180,90,47391,2
765,D,A,55413,55638.278,1,55413,,DBA,217.278,0,55630.278,2.4142
766,A,J,71603,71881,1,71603,,AHIJ,270,0,71873,3
767,E,I,41907,42005,1,41907,,EI,90,0,41997,1
768,I,J,42516,42614,1,42516,,IJ,90,0,42606,1
769,D,G,67656,67934,1,67656,,DFJG,270,0,67926,3
770,D,B,78052,78150,1,78052,,DB,90,0,78142,1
771,G,H,68435,68713,1,68435,,GECH,270,0,68705,3
772,D,B,30946,31050,1,30946,,DB,90,0,31036,1
773,B,I,39848,40036,1,39848,,BHI,180,0,40028,2
774,G,J,32366,32464,1,32366,,GJ,90,0,32456,1
775,E,A,50403,50628.278,1,50403,,ECA,217.278,0,50620.278,2.4142
776,J,E,32883,33071,1,32883,,JIE,180,0,33063,2
777,D,F,35327,35425,1,35327,,DF,90,0,35417,1
778,H,C,61263,61361,1,61263,,HC,90,0,61353,1
779,D,G,76434,76712,1,76434,,DFJG,270,0,76704,3
780,E,D,32061,32339,1,32151,,EID,180,90,32241,2
781,D,C,70437,70719,1,70437,,DBHC,270,0,70707,3
782,H,I,43420,43608,1,43510,,HI,90,90,43510,1
783,F,G,66561,66749,1,66561,,FJG,180,0,66741,2
784,B,G,39784,40152,1,39784,,BHCEG,360,0,40144,4
785,C,G,82522,82710,1,82522,,CEG,180,0,82702,2
786,A,F,64724,65039.278,1,64724,,ABDF,307.278,0,65031.278,3.4142
787,B,A,25849,25984.278,1,25849,,BA,127.27799999999999,0,25976.278,1.4142
788,E,G,63862,63960,1,63862,,EG,90,0,63952,1
789,G,A,48892,49207.278,1,48892,,GECA,307.278,0,49199.278,3.4142
790,C,F,30838,31206,1,30838,,CHBDF,360,0,31198,4
791,E,A,27473,27788.278,1,27563,,ECA,217.278,90,27690.278,2.4142
792,G,E,39272,39370,1,39272,,GE,90,0,39362,1
793,E,G,33901,33999,1,33901,,EG,90,0,33991,1
794,A,B,74897,75032.278,1,74897,,AB,127.27799999999999,0,75024.278,1.4142
795,E,B,73367,73645,1,73367,,ECHB,270,0,73637,3
796,H,A,40463,40651,1,40553,,HA,90,90,40553,1
797,J,E,68317,68505,1,68317,,JIE,180,0,68497,2
798,B,E,50701,50979,1,50701,,BHCE,270,0,50971,3
799,C,H,45173,45271,1,45173,,CH,90,0,45263,1
800,H,A,29466,29589,1,29491,,HA,90,25,29556,1
801,H,I,24111,24209,1,24111,,HI,90,0,24201,1
802,F,E,34102,34380,1,34102,,FDIE,270,0,34372,3
803,J,B,50727,51005,1,50727,,JIHB,270,0,50997,3
804,F,E,75490,75768,1,75490,,FDIE,270,0,75760,3
805,J,I,74951,75049,1,74951,,JI,90,0,75041,1
806,F,J,46018,46116,1,46018,,FJ,90,0,46108,1
807,G,C,42575,42763,1,42575,,GEC,180,0,42755,2
808,J,E,43185,43373,1,43185,,JIE,180,0,43365,2
809,I,J,78670,78768,1,78670,,IJ,90,0,78760,1
810,A,F,43151,43466.278,1,43151,,ABDF,307.278,0,43458.278,3.4142
811,G,C,82323,82511,1,82323,,GEC,180,0,82503,2
812,F,C,67898,68266,1,67898,,FDBHC,360,0,68258,4
813,H,C,35306,35404,1,35306,,HC,90,0,35396,1
814,H,A,34089,34187,1,34089,,HA,90,0,34179,1
815,A,I,78691,78879,1,78691,,AHI,180,0,78871,2
816,G,F,32322,32510,1,32322,,GJF,180,0,32502,2
817,B,A,25112,25247.278,1,25112,,BA,127.27799999999999,0,25239.278,1.4142
818,C,J,27277,27555,1,27277,,CHIJ,270,0,27547,3
819,I,B,55375,55568,1,55380,,IHB,180,5,55555,2
820,B,E,49329,49607,1,49329,,BHCE,270,0,49599,3
821,F,C,72308,72676,1,72308,,FDBHC,360,0,72668,4
822,E,J,50035,50223,1,50035,,EIJ,180,0,50215,2
823,I,H,52101,52289,1,52191,,IH,90,90,52191,1
824,I,D,37652,37750,1,37652,,ID,90,0,37742,1
825,E,B,23469,23837,1,23559,,ECHB,270,90,23739,3
826,A,B,58795,58930.278,1,58795,,AB,127.27799999999999,0,58922.278,1.4142
827,C,J,46296,46574,1,46296,,CHIJ,270,0,46566,3
828,I,D,64563,64749,1,64651,,ID,90,88,64653,1
829,J,C,69744,70022,1,69744,,JIHC,270,0,70014,3
830,F,G,70456,70644,1,70456,,FJG,180,0,70636,2
831,F,D,53169,53267,1,53169,,FD,90,0,53259,1
832,C,E,72526,72624,1,72526,,CE,90,0,72616,1
833,D,H,81110,81388,1,81200,,DBH,180,90,81290,2
834,I,D,52620,52808,1,52710,,ID,90,90,52710,1
835,D,G,38560,38838,1,38560,,DFJG,270,0,38830,3
836,J,E,64511,64699,1,64511,,JIE,180,0,64691,2
837,H,J,81340,81528,1,81340,,HIJ,180,0,81520,2
838,B,F,24120,24308,1,24120,,BDF,180,0,24300,2
839,I,A,66099,66287,1,66099,,IHA,180,0,66279,2
840,F,C,32227,32595,1,32227,,FDBHC,360,0,32587,4
841,H,F,32542,32820,1,32542,,HBDF,270,0,32812,3
842,D,F,68316,68504,1,68406,,DF,90,90,68406,1
843,E,B,58698,58976,1,58698,,ECHB,270,0,58968,3
844,E,D,60697,60885,1,60697,,EID,180,0,60877,2
845,A,D,70069,70294.278,1,70069,,ABD,217.278,0,70286.278,2.4142
846,B,I,83486,83674,1,83486,,BHI,180,0,83666,2
847,D,I,44223,44321,1,44223,,DI,90,0,44313,1
848,F,J,58838,58936,1,58838,,FJ,90,0,58928,1
849,D,G,59099,59467,1,59189,,DFJG,270,90,59369,3
850,H,G,77480,77758,1,77480,,HCEG,270,0,77750,3
851,I,J,59657,59845,1,59747,,IJ,90,90,59747,1
852,F,H,70722,71000,1,70722,,FDBH,270,0,70992,3
853,A,C,24634,24769.278,1,24634,,AC,127.27799999999999,0,24761.278,1.4142
854,H,C,23367,23465,1,23367,,HC,90,0,23457,1
855,F,I,48565,48753,1,48565,,FDI,180,0,48745,2
856,E,J,23521,23799,1,23611,,EIJ,180,90,23701,2
857,B,A,39681,39816.278,1,39681,,BA,127.27799999999999,0,39808.278,1.4142
858,B,J,24874,25152,1,24874,,BHIJ,270,0,25144,3
859,F,H,52336,52614,1,52336,,FDBH,270,0,52606,3
860,I,E,40762,40950,1,40852,,IE,90,90,40852,1
861,D,F,42942,43040,1,42942,,DF,90,0,43032,1
862,E,H,46574,46762,1,46574,,ECH,180,0,46754,2
863,G,A,65184,65499.278,1,65184,,GECA,307.278,0,65491.278,3.4142
864,D,B,49843,49941,1,49843,,DB,90,0,49933,1
865,G,A,63780,64095.278,1,63780,,GECA,307.278,0,64087.278,3.4142
866,J,H,46233,46421,1,46233,,JIH,180,0,46413,2
867,G,J,82477,82575,1,82477,,GJ,90,0,82567,1
868,F,B,78833,79021,1,78833,,FDB,180,0,79013,2
869,E,D,41598,41876,1,41688,,EID,180,90,41778,2
870,A,J,61857,62135,1,61857,,AHIJ,270,0,62127,3
871,J,F,43945,44043,1,43945,,JF,90,0,44035,1
872,D,H,82199,82387,1,82199,,DBH,180,0,82379,2
873,B,C,43470,43658,1,43470,,BHC,180,0,43650,2
874,E,C,30422,30610,1,30512,,EC,90,90,30512,1
875,A,J,38430,38708,1,38430,,AHIJ,270,0,38700,3
876,D,F,35753,35851,1,35753,,DF,90,0,35843,1
877,F,I,75446,75634,1,75446,,FDI,180,0,75626,2
878,I,A,70117,70305,1,70117,,IHA,180,0,70297,2
879,I,H,36887,36985,1,36887,,IH,90,0,36977,1
880,I,B,22409,22600,1,22409,,IHB,180,0,22589,2
881,B,G,44605,44973,1,44605,,BHCEG,360,0,44965,4
882,I,B,71907,72095,1,71907,,IHB,180,0,72087,2
883,A,G,29162,29477.278,1,29162,,ACEG,307.278,0,29469.278,3.4142
884,D,F,51087,51185,1,51087,,DF,90,0,51177,1
885,D,I,62153,62341,1,62243,,DI,90,90,62243,1
886,H,C,48698,48796,1,48698,,HC,90,0,48788,1
887,D,H,68126,68404,1,68216,,DBH,180,90,68306,2
888,F,E,68907,69185,1,68907,,FDIE,270,0,69177,3
889,J,F,59481,59579,1,59481,,JF,90,0,59571,1
890,A,B,58874,59009.278,1,58874,,AB,127.27799999999999,0,59001.278,1.4142
891,H,G,29505,29873,1,29595,,HCEG,270,90,29775,3
892,A,I,24512,24700,1,24512,,AHI,180,0,24692,2
893,A,E,58383,58608.278,1,58383,,ACE,217.278,0,58600.278,2.4142
894,E,F,28088,28456,1,28178,,EIDF,270,90,28358,3
895,B,H,23012,23110,1,23012,,BH,90,0,23102,1
896,I,G,70899,71087,1,70899,,IJG,180,0,71079,2
